<?xml version="1.0" encoding="utf-8"?>
<lom:lom xsi:schemaLocation="http://ocw.mit.edu/xmlns/LOM http://ocw.mit.edu/xsd/LOM/lomv1.0/lomv1.0.xsd http://ocw.mit.edu/xmlns/ocwLOM http://ocw.mit.edu/xsd/ocwLOM/ocwlomv1.0/ocwlomv1.0.xsd" xmlns="http://ocw.mit.edu/xmlns/LOM" xmlns:lom="http://ocw.mit.edu/xmlns/LOM" xmlns:ocwlom="http://ocw.mit.edu/xmlns/ocwLOM" xmlns:xsi="http://www.w3.org/2001/XMLSchema-instance">
  <!--************************************************************ This LOM
			record was produced by an automatic transformation to IEEE LOM, from
			OpenCourseWare's (OCW) initial version of Learning Object Metadata (LOM). (The
			initial version was based on IMS Global Consortium's LOM.)
			********************************************************--><!--***************************--><!--**** GENERAL ****--><!--***************************--><lom:general uniqueElementName="general"><lom:title uniqueElementName="title"><lom:string language="en">Download this Course</lom:string></lom:title><lom:language>en</lom:language><lom:aggregationLevel uniqueElementName="aggregationLevel"><lom:source uniqueElementName="source">LOMv1.0</lom:source><lom:value uniqueElementName="value">3</lom:value></lom:aggregationLevel></lom:general><!--***************************--><!--**** LIFECYCLE ****--><!--***************************--><lom:lifeCycle uniqueElementName="lifeCycle"><lom:version uniqueElementName="version"><lom:string language="en">Spring 2002</lom:string></lom:version><lom:contribute><lom:role><lom:source uniqueElementName="source">OCW_LOMv1.0</lom:source><lom:value uniqueElementName="value">Author</lom:value></lom:role><lom:entity>Leighton, Frank Thomson</lom:entity><lom:date uniqueElementName="date"><lom:dateTime uniqueElementName="dateTime">2006-11-29</lom:dateTime></lom:date></lom:contribute><lom:contribute><lom:role><lom:source uniqueElementName="source">OCW_LOMv1.0</lom:source><lom:value uniqueElementName="value">Contributor</lom:value></lom:role><lom:entity>Maggs, B. (Bruce)</lom:entity><lom:date uniqueElementName="date"><lom:dateTime uniqueElementName="dateTime">2006-11-29</lom:dateTime></lom:date></lom:contribute><lom:contribute><lom:role><lom:source uniqueElementName="source">OCW_LOMv1.0</lom:source><lom:value uniqueElementName="value">Contributor</lom:value></lom:role><lom:entity>Sundaram, Ravi, 1968-</lom:entity><lom:date uniqueElementName="date"><lom:dateTime uniqueElementName="dateTime">2006-11-29</lom:dateTime></lom:date></lom:contribute><lom:contribute><lom:role><lom:source uniqueElementName="source">OCW_LOMv1.0</lom:source><lom:value uniqueElementName="value">Contributor</lom:value></lom:role><lom:entity>Teng, Shang-Hua</lom:entity><lom:date uniqueElementName="date"><lom:dateTime uniqueElementName="dateTime">2006-11-29</lom:dateTime></lom:date></lom:contribute></lom:lifeCycle><!--***************************--><!--**** TECHNICAL ****--><!--***************************--><lom:technical uniqueElementName="technical"><lom:location>/OcwWeb/Mathematics/18-996Topics-in-Theoretical-Computer-Science---Internet-Research-ProblemsSpring2002/DownloadthisCourse/index.htm</lom:location><lom:requirement><lom:orComposite><lom:type uniqueElementName="type"><lom:source uniqueElementName="source">LOMv1.0</lom:source><lom:value uniqueElementName="value">browser</lom:value></lom:type><lom:name uniqueElementName="name"><lom:source uniqueElementName="source">LOMv1.0</lom:source><lom:value uniqueElementName="value">ms-internet explorer</lom:value></lom:name><lom:minimumVersion uniqueElementName="minimumVersion">5.1</lom:minimumVersion></lom:orComposite><lom:orComposite><lom:type uniqueElementName="type"><lom:source uniqueElementName="source">LOMv1.0</lom:source><lom:value uniqueElementName="value">browser</lom:value></lom:type><lom:name uniqueElementName="name"><lom:source uniqueElementName="source">LOMv1.0</lom:source><lom:value uniqueElementName="value">netscape communicator</lom:value></lom:name><lom:minimumVersion uniqueElementName="minimumVersion">4.7</lom:minimumVersion></lom:orComposite></lom:requirement></lom:technical><!--***************************--><!--**** EDUCATIONAL ****--><!--***************************--><lom:educational><lom:context><lom:source uniqueElementName="source">OCW_LOMv1.0</lom:source><lom:value uniqueElementName="value">Graduate</lom:value></lom:context></lom:educational><!--***************************--><!--**** RIGHTS ****--><!--***************************--><lom:rights uniqueElementName="rights"><lom:copyrightAndOtherRestrictions uniqueElementName="copyrightAndOtherRestrictions"><lom:source uniqueElementName="source">LOMv1.0</lom:source><lom:value uniqueElementName="value">yes</lom:value></lom:copyrightAndOtherRestrictions><lom:description><lom:string language="en">This site (c) Massachusetts Institute of Technology 2003. Content within individual courses is (c) by the individual authors unless otherwise noted. The Massachusetts Institute of Technology is providing this Work (as defined below) under the terms of this Creative Commons public license ("CCPL" or "license"). The Work is protected by copyright and/or other applicable law. Any use of the work other than as authorized under this license is prohibited. By exercising any of the rights to the Work provided here, You (as defined below) accept and agree to be bound by the terms of this license. The Licensor, the Massachusetts Institute of Technology, grants You the rights contained here in consideration of Your acceptance of such terms and conditions.</lom:string></lom:description></lom:rights><!--***************************--><!--**** RELATION ****--><!--***************************--><lom:relation><lom:kind uniqueElementName="kind"><lom:source uniqueElementName="source">LOMv1.0</lom:source><lom:value uniqueElementName="value">ispartof</lom:value></lom:kind><lom:resource uniqueElementName="resource"><lom:identifier><lom:catalog uniqueElementName="catalog">OCW Master Course Number</lom:catalog><lom:entry uniqueElementName="entry">18.996 Topics in Theoretical Computer Science : Internet Research Problems Spring 2002</lom:entry></lom:identifier><lom:description><lom:string language="en">We will discuss numerous research problems that are related to the internet. Sample topics include: routing algorithms such as BGP, communication protocols such as TCP, algorithms for intelligently selecting a resource in the face of uncertainty, bandwidth sensing tools, load balancing algorithms, streaming protocols, determining the structure of the internet, cost optimization, DNS-related problems, visualization, and large-scale data processing. The seminar is intended for students who are ready to work on challenging research problems. Each lecture will discuss: methods used today issues and problems formulation of concrete problems potential new lines of research A modest amount of background information will be provided so that the importance and context of the problems can be understood. No previous study of the internet is required, but experience with algorithms and/or theoretical computer science at the graduate/research level is needed.</lom:string></lom:description></lom:resource></lom:relation><!--***************************--><!--**** CLASSIFICATION ****--><!--***************************--><lom:classification><lom:taxonPath><lom:source uniqueElementName="source"><lom:string language="en">CIP</lom:string></lom:source><lom:taxon><lom:id uniqueElementName="id">270303</lom:id><lom:entry uniqueElementName="entry"><lom:string language="en">Computational Mathematics</lom:string></lom:entry></lom:taxon></lom:taxonPath></lom:classification></lom:lom>