<?xml version="1.0" encoding="UTF-8"?>
<manifest identifier="urn_edu.mit.ocw_18-996Topics-in-Theoretical-Computer-Science---Internet-Research-ProblemsSpring2002" version="2006-12-05T01:52:08" cwsp:packageType="Course" xml:base="18-996Spring-2002/" xmlns="http://www.imsglobal.org/xsd/imscp_v1p1" xmlns:xsi="http://www.w3.org/2001/XMLSchema-instance" xmlns:adlcp="http://www.adlnet.org/xsd/adlcp_rootv1p2" xmlns:cwsp="http://www.dspace.org/xmlns/cwspace_imscp" xmlns:ocw="http://ocw.mit.edu/xmlns/ocw_imscp" xmlns:lom="http://ocw.mit.edu/xmlns/LOM" xsi:schemaLocation="http://www.imsglobal.org/xsd/imscp_v1p1 http://www.imsglobal.org/xsd/imscp_v1p1.xsd 	http://www.adlnet.org/xsd/adlcp_rootv1p2 http://www.adlnet.org/xsd/adlcp_rootv1p2.xsd http://www.dspace.org/xmlns/cwspace_imscp http://www.dspace.org/xsd/cwspace_imscp/version10/cwspace_imscpv10.xsd http://ocw.mit.edu/xmlns/ocw_imscp http://ocw.mit.edu/xsd/ocw_imscp/version10/ocw_imscpv10.xsd http://ocw.mit.edu/xmlns/LOM http://ocw.mit.edu/xsd/LOM/lomv1.0/lomv1.0.xsd">
  <metadata>
    <schema>IMS Content</schema>
    <schemaversion>1.1</schemaversion>
    <cwsp:packageMetadata>
      <cwsp:sourceSystem>OCW</cwsp:sourceSystem>
      <cwsp:profile>CWSpace</cwsp:profile>
      <cwsp:profileVersion>0.1</cwsp:profileVersion>
    </cwsp:packageMetadata>
    <lom:general uniqueElementName="general">
      <lom:title uniqueElementName="title">
        <lom:string language="en">Topics in Theoretical Computer Science : Internet Research Problems</lom:string>
      </lom:title>
      <lom:identifier>
        <lom:catalog uniqueElementName="catalog">OCW Master Course Number</lom:catalog>
        <lom:entry uniqueElementName="entry">18.996</lom:entry>
      </lom:identifier>
    </lom:general>
    <lom:lifecycle uniqueElementName="lifeCycle">
      <lom:version uniqueElementName="version">
        <lom:string language="en">Spring 2002</lom:string>
      </lom:version>
      <lom:contribute>
        <lom:role>
          <lom:source uniqueElementName="source">OCW_LOMv1.0</lom:source>
          <lom:value uniqueElementName="value">Author</lom:value>
        </lom:role>
        <lom:entity>Leighton, Frank Thomson</lom:entity>
        <lom:date uniqueElementName="date">
          <lom:dateTime uniqueElementName="dateTime">2006-11-29</lom:dateTime>
        </lom:date>
      </lom:contribute>
      <lom:contribute>
        <lom:role>
          <lom:source uniqueElementName="source">OCW_LOMv1.0</lom:source>
          <lom:value uniqueElementName="value">Contributor</lom:value>
        </lom:role>
        <lom:entity>Maggs, B. (Bruce)</lom:entity>
        <lom:date uniqueElementName="date">
          <lom:dateTime uniqueElementName="dateTime">2006-11-29</lom:dateTime>
        </lom:date>
      </lom:contribute>
      <lom:contribute>
        <lom:role>
          <lom:source uniqueElementName="source">OCW_LOMv1.0</lom:source>
          <lom:value uniqueElementName="value">Contributor</lom:value>
        </lom:role>
        <lom:entity>Sundaram, Ravi, 1968-</lom:entity>
        <lom:date uniqueElementName="date">
          <lom:dateTime uniqueElementName="dateTime">2006-11-29</lom:dateTime>
        </lom:date>
      </lom:contribute>
      <lom:contribute>
        <lom:role>
          <lom:source uniqueElementName="source">OCW_LOMv1.0</lom:source>
          <lom:value uniqueElementName="value">Contributor</lom:value>
        </lom:role>
        <lom:entity>Teng, Shang-Hua</lom:entity>
        <lom:date uniqueElementName="date">
          <lom:dateTime uniqueElementName="dateTime">2006-11-29</lom:dateTime>
        </lom:date>
      </lom:contribute>
    </lom:lifecycle>
    <lom:relation uniqueElementName="relation">
      <lom:kind uniqueElementName="kind">
        <lom:source uniqueElementName="source">LOMv1.0</lom:source>
        <lom:value uniqueElementName="value">hasversion</lom:value>
      </lom:kind>
      <lom:resource uniqueElementName="resource">
        <lom:identifier>
          <lom:catalog uniqueElementName="catalog">URI</lom:catalog>
          <lom:entry uniqueElementName="entry">http://www.universiabrasil.net/mit/curso.jsp?codcurso=21</lom:entry>
        </lom:identifier>
        <lom:description uniqueElementName="description">
          <lom:string language="en">Translation of course 18.996, Spring 2002</lom:string>
        </lom:description>
      </lom:resource>
    </lom:relation>
    <lom:relation uniqueElementName="relation">
      <lom:kind uniqueElementName="kind">
        <lom:source uniqueElementName="source">LOMv1.0</lom:source>
        <lom:value uniqueElementName="value">hasversion</lom:value>
      </lom:kind>
      <lom:resource uniqueElementName="resource">
        <lom:identifier>
          <lom:catalog uniqueElementName="catalog">URI</lom:catalog>
          <lom:entry uniqueElementName="entry">http://mit.ocw.universia.net/18.996/s02/index.html</lom:entry>
        </lom:identifier>
        <lom:description uniqueElementName="description">
          <lom:string language="en">Translation of course 18.996, Spring 2002</lom:string>
        </lom:description>
      </lom:resource>
    </lom:relation>
    <adlcp:location>OcwWeb/Mathematics/18-996Topics-in-Theoretical-Computer-Science---Internet-Research-ProblemsSpring2002/CourseHome.xml</adlcp:location>
  </metadata>
  <organizations default="ocw_18-996Topics-in-Theoretical-Computer-Science---Internet-Research-ProblemsSpring2002">
    <organization identifier="ocw_18-996Topics-in-Theoretical-Computer-Science---Internet-Research-ProblemsSpring2002">
      <title>Topics in Theoretical Computer Science : Internet Research Problems</title>
      <item identifier="i_18-996Topics-in-Theoretical-Computer-Science---Internet-Research-ProblemsSpring2002.CourseHome" identifierref="r_OcwWeb.Mathematics.18-996Topics-in-Theoretical-Computer-Science---Internet-Research-ProblemsSpring2002.CourseHome.index.htm" ocw:sectionTemplateType="CourseHomePage" ocw:sectionTemplateVersion="2006-11-29">
        <title>Topics in Theoretical Computer Science : Internet Research Problems</title>
        <item identifier="i_18-996Topics-in-Theoretical-Computer-Science---Internet-Research-ProblemsSpring2002.CourseHome.chp_nocc_1.jpg" identifierref="r_NR.rdonlyres.Mathematics.18-996Topics-in-Theoretical-Computer-Science---Internet-Research-ProblemsSpring2002.DEBC8F9B-3DB7-4709-ACF4-E436973F4AA8.0.chp_nocc_1.jpg">
          <title>chp_nocc_1.jpg</title>
        </item>
      </item>
      <item identifier="i_18-996Topics-in-Theoretical-Computer-Science---Internet-Research-ProblemsSpring2002.Syllabus" identifierref="r_OcwWeb.Mathematics.18-996Topics-in-Theoretical-Computer-Science---Internet-Research-ProblemsSpring2002.Syllabus.index.htm" ocw:sectionTemplateType="GenericOther" ocw:sectionTemplateVersion="2006-11-29">
        <title>Syllabus</title>
        <item identifier="i_18-996Topics-in-Theoretical-Computer-Science---Internet-Research-ProblemsSpring2002.Syllabus.scribe.sty" identifierref="r_NR.rdonlyres.Mathematics.18-996Topics-in-Theoretical-Computer-Science---Internet-Research-ProblemsSpring2002.E597CBB1-2DFD-4FE7-A798-6479FE5D45DA.0.scribe.sty">
          <title>scribe.sty</title>
        </item>
        <item identifier="i_18-996Topics-in-Theoretical-Computer-Science---Internet-Research-ProblemsSpring2002.Syllabus.scribe12.tex" identifierref="r_NR.rdonlyres.Mathematics.18-996Topics-in-Theoretical-Computer-Science---Internet-Research-ProblemsSpring2002.FF7F2C64-2EB1-4D0B-979F-4D82DD15D8E8.0.scribe12.tex">
          <title>scribe12.tex</title>
        </item>
      </item>
      <item identifier="i_18-996Topics-in-Theoretical-Computer-Science---Internet-Research-ProblemsSpring2002.Calendar" identifierref="r_OcwWeb.Mathematics.18-996Topics-in-Theoretical-Computer-Science---Internet-Research-ProblemsSpring2002.Calendar.index.htm" ocw:sectionTemplateType="GenericOther" ocw:sectionTemplateVersion="2006-11-29">
        <title>Calendar</title>
      </item>
      <item identifier="i_18-996Topics-in-Theoretical-Computer-Science---Internet-Research-ProblemsSpring2002.LectureNotes" identifierref="r_OcwWeb.Mathematics.18-996Topics-in-Theoretical-Computer-Science---Internet-Research-ProblemsSpring2002.LectureNotes.index.htm" ocw:sectionTemplateType="GenericOther" ocw:sectionTemplateVersion="2006-11-29">
        <title>Lecture Notes</title>
        <item identifier="i_18-996Topics-in-Theoretical-Computer-Science---Internet-Research-ProblemsSpring2002.LectureNotes.lec1present.pdf" identifierref="r_NR.rdonlyres.Mathematics.18-996Topics-in-Theoretical-Computer-Science---Internet-Research-ProblemsSpring2002.BC0B6B00-DDFF-4DA8-AC31-AC8179B19BB5.0.lec1present.pdf">
          <title>lec1present.pdf</title>
        </item>
        <item identifier="i_18-996Topics-in-Theoretical-Computer-Science---Internet-Research-ProblemsSpring2002.LectureNotes.lect1_mit.pdf" identifierref="r_NR.rdonlyres.Mathematics.18-996Topics-in-Theoretical-Computer-Science---Internet-Research-ProblemsSpring2002.7E506CBD-6367-4F8C-A7FF-FE8E0087D9D3.0.lect1_mit.pdf">
          <title>lect1_mit.pdf</title>
        </item>
        <item identifier="i_18-996Topics-in-Theoretical-Computer-Science---Internet-Research-ProblemsSpring2002.LectureNotes.lec2present.pdf" identifierref="r_NR.rdonlyres.Mathematics.18-996Topics-in-Theoretical-Computer-Science---Internet-Research-ProblemsSpring2002.FB13F35C-18A0-4B60-B870-0135F0E8E63B.0.lec2present.pdf">
          <title>lec2present.pdf</title>
        </item>
        <item identifier="i_18-996Topics-in-Theoretical-Computer-Science---Internet-Research-ProblemsSpring2002.LectureNotes.lecture2_mit.pdf" identifierref="r_NR.rdonlyres.Mathematics.18-996Topics-in-Theoretical-Computer-Science---Internet-Research-ProblemsSpring2002.BE090632-169D-46D8-BA86-C7BA80E276D4.0.lecture2_mit.pdf">
          <title>lecture2_mit.pdf</title>
        </item>
        <item identifier="i_18-996Topics-in-Theoretical-Computer-Science---Internet-Research-ProblemsSpring2002.LectureNotes.lect3_talk_mit.pdf" identifierref="r_NR.rdonlyres.Mathematics.18-996Topics-in-Theoretical-Computer-Science---Internet-Research-ProblemsSpring2002.A52B396E-3C81-4A64-BCA4-1846E6591C70.0.lect3_talk_mit.pdf">
          <title>lect3_talk_mit.pdf</title>
        </item>
        <item identifier="i_18-996Topics-in-Theoretical-Computer-Science---Internet-Research-ProblemsSpring2002.LectureNotes.lect3_mit.pdf" identifierref="r_NR.rdonlyres.Mathematics.18-996Topics-in-Theoretical-Computer-Science---Internet-Research-ProblemsSpring2002.E935C750-A991-4808-9E58-6CD50C9427C1.0.lect3_mit.pdf">
          <title>lect3_mit.pdf</title>
        </item>
        <item identifier="i_18-996Topics-in-Theoretical-Computer-Science---Internet-Research-ProblemsSpring2002.LectureNotes.dns.pdf" identifierref="r_NR.rdonlyres.Mathematics.18-996Topics-in-Theoretical-Computer-Science---Internet-Research-ProblemsSpring2002.4927CC83-689E-4B89-9396-3E9D467AE14F.0.dns.pdf">
          <title>dns.pdf</title>
        </item>
        <item identifier="i_18-996Topics-in-Theoretical-Computer-Science---Internet-Research-ProblemsSpring2002.LectureNotes.lect5.pdf" identifierref="r_NR.rdonlyres.Mathematics.18-996Topics-in-Theoretical-Computer-Science---Internet-Research-ProblemsSpring2002.63D0BC42-9F42-43D2-AE5D-603336143133.0.lect5.pdf">
          <title>lect5.pdf</title>
        </item>
        <item identifier="i_18-996Topics-in-Theoretical-Computer-Science---Internet-Research-ProblemsSpring2002.LectureNotes.lecture_mit_6.pdf" identifierref="r_NR.rdonlyres.Mathematics.18-996Topics-in-Theoretical-Computer-Science---Internet-Research-ProblemsSpring2002.DD73B7AD-6327-48C2-A1FA-44415AF90C5F.0.lecture_mit_6.pdf">
          <title>lecture_mit_6.pdf</title>
        </item>
        <item identifier="i_18-996Topics-in-Theoretical-Computer-Science---Internet-Research-ProblemsSpring2002.LectureNotes.lect7.pdf" identifierref="r_NR.rdonlyres.Mathematics.18-996Topics-in-Theoretical-Computer-Science---Internet-Research-ProblemsSpring2002.CD4AAF18-814D-4DB8-A5DA-361BE631623E.0.lect7.pdf">
          <title>lect7.pdf</title>
        </item>
        <item identifier="i_18-996Topics-in-Theoretical-Computer-Science---Internet-Research-ProblemsSpring2002.LectureNotes.lect9present.pdf" identifierref="r_NR.rdonlyres.Mathematics.18-996Topics-in-Theoretical-Computer-Science---Internet-Research-ProblemsSpring2002.F0DB6C2B-9E90-4BC9-A186-A382071D5FD2.0.lect9present.pdf">
          <title>lect9present.pdf</title>
        </item>
        <item identifier="i_18-996Topics-in-Theoretical-Computer-Science---Internet-Research-ProblemsSpring2002.LectureNotes.lecture9.pdf" identifierref="r_NR.rdonlyres.Mathematics.18-996Topics-in-Theoretical-Computer-Science---Internet-Research-ProblemsSpring2002.74E41B08-B75C-4EC5-8257-163740936786.0.lecture9.pdf">
          <title>lecture9.pdf</title>
        </item>
        <item identifier="i_18-996Topics-in-Theoretical-Computer-Science---Internet-Research-ProblemsSpring2002.LectureNotes.load_assignment.pdf" identifierref="r_NR.rdonlyres.Mathematics.18-996Topics-in-Theoretical-Computer-Science---Internet-Research-ProblemsSpring2002.47EC15FC-4672-4E5B-A19D-04B73DB5971B.0.load_assignment.pdf">
          <title>load_assignment.pdf</title>
        </item>
        <item identifier="i_18-996Topics-in-Theoretical-Computer-Science---Internet-Research-ProblemsSpring2002.LectureNotes.lect11a_mit.pdf" identifierref="r_NR.rdonlyres.Mathematics.18-996Topics-in-Theoretical-Computer-Science---Internet-Research-ProblemsSpring2002.8B925E4B-A14C-4E7E-A29C-BF843898B19D.0.lect11a_mit.pdf">
          <title>lect11a_mit.pdf</title>
        </item>
        <item identifier="i_18-996Topics-in-Theoretical-Computer-Science---Internet-Research-ProblemsSpring2002.LectureNotes.lect11b_mit.pdf" identifierref="r_NR.rdonlyres.Mathematics.18-996Topics-in-Theoretical-Computer-Science---Internet-Research-ProblemsSpring2002.E1040314-0631-4DCD-8C3F-7D4BE3BF824D.0.lect11b_mit.pdf">
          <title>lect11b_mit.pdf</title>
        </item>
        <item identifier="i_18-996Topics-in-Theoretical-Computer-Science---Internet-Research-ProblemsSpring2002.LectureNotes.lec13present.pdf" identifierref="r_NR.rdonlyres.Mathematics.18-996Topics-in-Theoretical-Computer-Science---Internet-Research-ProblemsSpring2002.B1A50232-6319-43B1-BA34-07F86D55685B.0.lec13present.pdf">
          <title>lec13present.pdf</title>
        </item>
        <item identifier="i_18-996Topics-in-Theoretical-Computer-Science---Internet-Research-ProblemsSpring2002.LectureNotes.lecture13.pdf" identifierref="r_NR.rdonlyres.Mathematics.18-996Topics-in-Theoretical-Computer-Science---Internet-Research-ProblemsSpring2002.A526FBD1-E425-4BE5-8AC5-CC760D0AEEFC.0.lecture13.pdf">
          <title>lecture13.pdf</title>
        </item>
        <item identifier="i_18-996Topics-in-Theoretical-Computer-Science---Internet-Research-ProblemsSpring2002.LectureNotes.lec14.pdf" identifierref="r_NR.rdonlyres.Mathematics.18-996Topics-in-Theoretical-Computer-Science---Internet-Research-ProblemsSpring2002.78BF7816-3AA2-4666-AA0A-5A0145F9F636.0.lec14.pdf">
          <title>lec14.pdf</title>
        </item>
        <item identifier="i_18-996Topics-in-Theoretical-Computer-Science---Internet-Research-ProblemsSpring2002.LectureNotes.lect15.pdf" identifierref="r_NR.rdonlyres.Mathematics.18-996Topics-in-Theoretical-Computer-Science---Internet-Research-ProblemsSpring2002.823AB579-91E2-434E-92F9-7244ACF6E291.0.lect15.pdf">
          <title>lect15.pdf</title>
        </item>
      </item>
      <item identifier="i_18-996Topics-in-Theoretical-Computer-Science---Internet-Research-ProblemsSpring2002.Tools" identifierref="r_OcwWeb.Mathematics.18-996Topics-in-Theoretical-Computer-Science---Internet-Research-ProblemsSpring2002.Tools.index.htm" ocw:sectionTemplateType="GenericOther" ocw:sectionTemplateVersion="2006-11-29">
        <title>Tools</title>
        <item identifier="i_18-996Topics-in-Theoretical-Computer-Science---Internet-Research-ProblemsSpring2002.Tools.scribe.sty" identifierref="r_NR.rdonlyres.Mathematics.18-996Topics-in-Theoretical-Computer-Science---Internet-Research-ProblemsSpring2002.D6DEF543-314C-4934-B531-FC55E5B90303.0.scribe.sty">
          <title>scribe.sty</title>
        </item>
        <item identifier="i_18-996Topics-in-Theoretical-Computer-Science---Internet-Research-ProblemsSpring2002.Tools.scribe12.tex" identifierref="r_NR.rdonlyres.Mathematics.18-996Topics-in-Theoretical-Computer-Science---Internet-Research-ProblemsSpring2002.C5C0B569-06EA-41E7-AB74-F30AAD1FD96B.0.scribe12.tex">
          <title>scribe12.tex</title>
        </item>
      </item>
      <item identifier="i_18-996Topics-in-Theoretical-Computer-Science---Internet-Research-ProblemsSpring2002.DownloadthisCourse" identifierref="r_OcwWeb.Mathematics.18-996Topics-in-Theoretical-Computer-Science---Internet-Research-ProblemsSpring2002.DownloadthisCourse.index.htm" ocw:sectionTemplateType="DownloadPage" ocw:sectionTemplateVersion="2006-11-29">
        <title>Download this Course</title>
      </item>
      <item identifier="i_OcwWeb.Global.terms-of-use.htm" identifierref="r_OcwWeb.Global.terms-of-use.htm">
        <title>Legal Notices</title>
      </item>
      <item identifier="i_OcwWeb.Global.privacy.htm" identifierref="r_OcwWeb.Global.privacy.htm">
        <title>Privacy Statement</title>
      </item>
      <item identifier="i_OcwWeb.Global.trademarks.htm" identifierref="r_OcwWeb.Global.trademarks.htm">
        <title>Trademark Notices</title>
      </item>
    </organization>
  </organizations>
  <resources>
    <resource identifier="r_OcwWeb.Mathematics.18-996Topics-in-Theoretical-Computer-Science---Internet-Research-ProblemsSpring2002.CourseHome.index.htm" type="webcontent" href="OcwWeb/Mathematics/18-996Topics-in-Theoretical-Computer-Science---Internet-Research-ProblemsSpring2002/CourseHome/index.htm">
      <metadata>
        <adlcp:location>OcwWeb/Mathematics/18-996Topics-in-Theoretical-Computer-Science---Internet-Research-ProblemsSpring2002/CourseHome.xml</adlcp:location>
      </metadata>
      <file href="OcwWeb/Mathematics/18-996Topics-in-Theoretical-Computer-Science---Internet-Research-ProblemsSpring2002/CourseHome/index.htm" />
      <dependency identifierref="webrenderrequirements.18-996Topics-in-Theoretical-Computer-Science---Internet-Research-ProblemsSpring2002" />
      <dependency identifierref="r_NR.rdonlyres.Mathematics.18-996Topics-in-Theoretical-Computer-Science---Internet-Research-ProblemsSpring2002.DEBC8F9B-3DB7-4709-ACF4-E436973F4AA8.0.chp_nocc_1.jpg" />
    </resource>
    <resource identifier="r_NR.rdonlyres.Mathematics.18-996Topics-in-Theoretical-Computer-Science---Internet-Research-ProblemsSpring2002.DEBC8F9B-3DB7-4709-ACF4-E436973F4AA8.0.chp_nocc_1.jpg" type="other">
      <metadata>
        <adlcp:location>OcwWeb/Mathematics/18-996Topics-in-Theoretical-Computer-Science---Internet-Research-ProblemsSpring2002/chp_nocc_1.jpg.xml</adlcp:location>
      </metadata>
      <file href="NR/rdonlyres/Mathematics/18-996Topics-in-Theoretical-Computer-Science---Internet-Research-ProblemsSpring2002/DEBC8F9B-3DB7-4709-ACF4-E436973F4AA8/0/chp_nocc_1.jpg" />
    </resource>
    <resource identifier="r_OcwWeb.Mathematics.18-996Topics-in-Theoretical-Computer-Science---Internet-Research-ProblemsSpring2002.Syllabus.index.htm" type="webcontent" href="OcwWeb/Mathematics/18-996Topics-in-Theoretical-Computer-Science---Internet-Research-ProblemsSpring2002/Syllabus/index.htm">
      <metadata>
        <adlcp:location>OcwWeb/Mathematics/18-996Topics-in-Theoretical-Computer-Science---Internet-Research-ProblemsSpring2002/Syllabus.xml</adlcp:location>
      </metadata>
      <file href="OcwWeb/Mathematics/18-996Topics-in-Theoretical-Computer-Science---Internet-Research-ProblemsSpring2002/Syllabus/index.htm" />
      <dependency identifierref="webrenderrequirements.18-996Topics-in-Theoretical-Computer-Science---Internet-Research-ProblemsSpring2002" />
    </resource>
    <resource identifier="r_NR.rdonlyres.Mathematics.18-996Topics-in-Theoretical-Computer-Science---Internet-Research-ProblemsSpring2002.E597CBB1-2DFD-4FE7-A798-6479FE5D45DA.0.scribe.sty" type="other">
      <metadata>
        <adlcp:location>OcwWeb/Mathematics/18-996Topics-in-Theoretical-Computer-Science---Internet-Research-ProblemsSpring2002/scribe.sty.xml</adlcp:location>
      </metadata>
      <file href="NR/rdonlyres/Mathematics/18-996Topics-in-Theoretical-Computer-Science---Internet-Research-ProblemsSpring2002/E597CBB1-2DFD-4FE7-A798-6479FE5D45DA/0/scribe.sty" />
    </resource>
    <resource identifier="r_NR.rdonlyres.Mathematics.18-996Topics-in-Theoretical-Computer-Science---Internet-Research-ProblemsSpring2002.FF7F2C64-2EB1-4D0B-979F-4D82DD15D8E8.0.scribe12.tex" type="other">
      <metadata>
        <adlcp:location>OcwWeb/Mathematics/18-996Topics-in-Theoretical-Computer-Science---Internet-Research-ProblemsSpring2002/scribe12.tex.xml</adlcp:location>
      </metadata>
      <file href="NR/rdonlyres/Mathematics/18-996Topics-in-Theoretical-Computer-Science---Internet-Research-ProblemsSpring2002/FF7F2C64-2EB1-4D0B-979F-4D82DD15D8E8/0/scribe12.tex" />
    </resource>
    <resource identifier="r_OcwWeb.Mathematics.18-996Topics-in-Theoretical-Computer-Science---Internet-Research-ProblemsSpring2002.Calendar.index.htm" type="webcontent" href="OcwWeb/Mathematics/18-996Topics-in-Theoretical-Computer-Science---Internet-Research-ProblemsSpring2002/Calendar/index.htm">
      <metadata>
        <adlcp:location>OcwWeb/Mathematics/18-996Topics-in-Theoretical-Computer-Science---Internet-Research-ProblemsSpring2002/Calendar.xml</adlcp:location>
      </metadata>
      <file href="OcwWeb/Mathematics/18-996Topics-in-Theoretical-Computer-Science---Internet-Research-ProblemsSpring2002/Calendar/index.htm" />
      <dependency identifierref="webrenderrequirements.18-996Topics-in-Theoretical-Computer-Science---Internet-Research-ProblemsSpring2002" />
    </resource>
    <resource identifier="r_OcwWeb.Mathematics.18-996Topics-in-Theoretical-Computer-Science---Internet-Research-ProblemsSpring2002.LectureNotes.index.htm" type="webcontent" href="OcwWeb/Mathematics/18-996Topics-in-Theoretical-Computer-Science---Internet-Research-ProblemsSpring2002/LectureNotes/index.htm">
      <metadata>
        <adlcp:location>OcwWeb/Mathematics/18-996Topics-in-Theoretical-Computer-Science---Internet-Research-ProblemsSpring2002/LectureNotes.xml</adlcp:location>
      </metadata>
      <file href="OcwWeb/Mathematics/18-996Topics-in-Theoretical-Computer-Science---Internet-Research-ProblemsSpring2002/LectureNotes/index.htm" />
      <dependency identifierref="webrenderrequirements.18-996Topics-in-Theoretical-Computer-Science---Internet-Research-ProblemsSpring2002" />
    </resource>
    <resource identifier="r_NR.rdonlyres.Mathematics.18-996Topics-in-Theoretical-Computer-Science---Internet-Research-ProblemsSpring2002.BC0B6B00-DDFF-4DA8-AC31-AC8179B19BB5.0.lec1present.pdf" type="other">
      <metadata>
        <adlcp:location>OcwWeb/Mathematics/18-996Topics-in-Theoretical-Computer-Science---Internet-Research-ProblemsSpring2002/lec1present.pdf.xml</adlcp:location>
      </metadata>
      <file href="NR/rdonlyres/Mathematics/18-996Topics-in-Theoretical-Computer-Science---Internet-Research-ProblemsSpring2002/BC0B6B00-DDFF-4DA8-AC31-AC8179B19BB5/0/lec1present.pdf" />
    </resource>
    <resource identifier="r_NR.rdonlyres.Mathematics.18-996Topics-in-Theoretical-Computer-Science---Internet-Research-ProblemsSpring2002.7E506CBD-6367-4F8C-A7FF-FE8E0087D9D3.0.lect1_mit.pdf" type="other">
      <metadata>
        <adlcp:location>OcwWeb/Mathematics/18-996Topics-in-Theoretical-Computer-Science---Internet-Research-ProblemsSpring2002/lect1_mit.pdf.xml</adlcp:location>
      </metadata>
      <file href="NR/rdonlyres/Mathematics/18-996Topics-in-Theoretical-Computer-Science---Internet-Research-ProblemsSpring2002/7E506CBD-6367-4F8C-A7FF-FE8E0087D9D3/0/lect1_mit.pdf" />
    </resource>
    <resource identifier="r_NR.rdonlyres.Mathematics.18-996Topics-in-Theoretical-Computer-Science---Internet-Research-ProblemsSpring2002.FB13F35C-18A0-4B60-B870-0135F0E8E63B.0.lec2present.pdf" type="other">
      <metadata>
        <adlcp:location>OcwWeb/Mathematics/18-996Topics-in-Theoretical-Computer-Science---Internet-Research-ProblemsSpring2002/lec2present.pdf.xml</adlcp:location>
      </metadata>
      <file href="NR/rdonlyres/Mathematics/18-996Topics-in-Theoretical-Computer-Science---Internet-Research-ProblemsSpring2002/FB13F35C-18A0-4B60-B870-0135F0E8E63B/0/lec2present.pdf" />
    </resource>
    <resource identifier="r_NR.rdonlyres.Mathematics.18-996Topics-in-Theoretical-Computer-Science---Internet-Research-ProblemsSpring2002.BE090632-169D-46D8-BA86-C7BA80E276D4.0.lecture2_mit.pdf" type="other">
      <metadata>
        <adlcp:location>OcwWeb/Mathematics/18-996Topics-in-Theoretical-Computer-Science---Internet-Research-ProblemsSpring2002/lecture2_mit.pdf.xml</adlcp:location>
      </metadata>
      <file href="NR/rdonlyres/Mathematics/18-996Topics-in-Theoretical-Computer-Science---Internet-Research-ProblemsSpring2002/BE090632-169D-46D8-BA86-C7BA80E276D4/0/lecture2_mit.pdf" />
    </resource>
    <resource identifier="r_NR.rdonlyres.Mathematics.18-996Topics-in-Theoretical-Computer-Science---Internet-Research-ProblemsSpring2002.A52B396E-3C81-4A64-BCA4-1846E6591C70.0.lect3_talk_mit.pdf" type="other">
      <metadata>
        <adlcp:location>OcwWeb/Mathematics/18-996Topics-in-Theoretical-Computer-Science---Internet-Research-ProblemsSpring2002/lect3_talk_mit.pdf.xml</adlcp:location>
      </metadata>
      <file href="NR/rdonlyres/Mathematics/18-996Topics-in-Theoretical-Computer-Science---Internet-Research-ProblemsSpring2002/A52B396E-3C81-4A64-BCA4-1846E6591C70/0/lect3_talk_mit.pdf" />
    </resource>
    <resource identifier="r_NR.rdonlyres.Mathematics.18-996Topics-in-Theoretical-Computer-Science---Internet-Research-ProblemsSpring2002.E935C750-A991-4808-9E58-6CD50C9427C1.0.lect3_mit.pdf" type="other">
      <metadata>
        <adlcp:location>OcwWeb/Mathematics/18-996Topics-in-Theoretical-Computer-Science---Internet-Research-ProblemsSpring2002/lect3_mit.pdf.xml</adlcp:location>
      </metadata>
      <file href="NR/rdonlyres/Mathematics/18-996Topics-in-Theoretical-Computer-Science---Internet-Research-ProblemsSpring2002/E935C750-A991-4808-9E58-6CD50C9427C1/0/lect3_mit.pdf" />
    </resource>
    <resource identifier="r_NR.rdonlyres.Mathematics.18-996Topics-in-Theoretical-Computer-Science---Internet-Research-ProblemsSpring2002.4927CC83-689E-4B89-9396-3E9D467AE14F.0.dns.pdf" type="other">
      <metadata>
        <adlcp:location>OcwWeb/Mathematics/18-996Topics-in-Theoretical-Computer-Science---Internet-Research-ProblemsSpring2002/dns.pdf.xml</adlcp:location>
      </metadata>
      <file href="NR/rdonlyres/Mathematics/18-996Topics-in-Theoretical-Computer-Science---Internet-Research-ProblemsSpring2002/4927CC83-689E-4B89-9396-3E9D467AE14F/0/dns.pdf" />
    </resource>
    <resource identifier="r_NR.rdonlyres.Mathematics.18-996Topics-in-Theoretical-Computer-Science---Internet-Research-ProblemsSpring2002.63D0BC42-9F42-43D2-AE5D-603336143133.0.lect5.pdf" type="other">
      <metadata>
        <adlcp:location>OcwWeb/Mathematics/18-996Topics-in-Theoretical-Computer-Science---Internet-Research-ProblemsSpring2002/lect5.pdf.xml</adlcp:location>
      </metadata>
      <file href="NR/rdonlyres/Mathematics/18-996Topics-in-Theoretical-Computer-Science---Internet-Research-ProblemsSpring2002/63D0BC42-9F42-43D2-AE5D-603336143133/0/lect5.pdf" />
    </resource>
    <resource identifier="r_NR.rdonlyres.Mathematics.18-996Topics-in-Theoretical-Computer-Science---Internet-Research-ProblemsSpring2002.DD73B7AD-6327-48C2-A1FA-44415AF90C5F.0.lecture_mit_6.pdf" type="other">
      <metadata>
        <adlcp:location>OcwWeb/Mathematics/18-996Topics-in-Theoretical-Computer-Science---Internet-Research-ProblemsSpring2002/lecture_mit_6.pdf.xml</adlcp:location>
      </metadata>
      <file href="NR/rdonlyres/Mathematics/18-996Topics-in-Theoretical-Computer-Science---Internet-Research-ProblemsSpring2002/DD73B7AD-6327-48C2-A1FA-44415AF90C5F/0/lecture_mit_6.pdf" />
    </resource>
    <resource identifier="r_NR.rdonlyres.Mathematics.18-996Topics-in-Theoretical-Computer-Science---Internet-Research-ProblemsSpring2002.CD4AAF18-814D-4DB8-A5DA-361BE631623E.0.lect7.pdf" type="other">
      <metadata>
        <adlcp:location>OcwWeb/Mathematics/18-996Topics-in-Theoretical-Computer-Science---Internet-Research-ProblemsSpring2002/lect7.pdf.xml</adlcp:location>
      </metadata>
      <file href="NR/rdonlyres/Mathematics/18-996Topics-in-Theoretical-Computer-Science---Internet-Research-ProblemsSpring2002/CD4AAF18-814D-4DB8-A5DA-361BE631623E/0/lect7.pdf" />
    </resource>
    <resource identifier="r_NR.rdonlyres.Mathematics.18-996Topics-in-Theoretical-Computer-Science---Internet-Research-ProblemsSpring2002.F0DB6C2B-9E90-4BC9-A186-A382071D5FD2.0.lect9present.pdf" type="other">
      <metadata>
        <adlcp:location>OcwWeb/Mathematics/18-996Topics-in-Theoretical-Computer-Science---Internet-Research-ProblemsSpring2002/lect9present.pdf.xml</adlcp:location>
      </metadata>
      <file href="NR/rdonlyres/Mathematics/18-996Topics-in-Theoretical-Computer-Science---Internet-Research-ProblemsSpring2002/F0DB6C2B-9E90-4BC9-A186-A382071D5FD2/0/lect9present.pdf" />
    </resource>
    <resource identifier="r_NR.rdonlyres.Mathematics.18-996Topics-in-Theoretical-Computer-Science---Internet-Research-ProblemsSpring2002.74E41B08-B75C-4EC5-8257-163740936786.0.lecture9.pdf" type="other">
      <metadata>
        <adlcp:location>OcwWeb/Mathematics/18-996Topics-in-Theoretical-Computer-Science---Internet-Research-ProblemsSpring2002/lecture9.pdf.xml</adlcp:location>
      </metadata>
      <file href="NR/rdonlyres/Mathematics/18-996Topics-in-Theoretical-Computer-Science---Internet-Research-ProblemsSpring2002/74E41B08-B75C-4EC5-8257-163740936786/0/lecture9.pdf" />
    </resource>
    <resource identifier="r_NR.rdonlyres.Mathematics.18-996Topics-in-Theoretical-Computer-Science---Internet-Research-ProblemsSpring2002.47EC15FC-4672-4E5B-A19D-04B73DB5971B.0.load_assignment.pdf" type="other">
      <metadata>
        <adlcp:location>OcwWeb/Mathematics/18-996Topics-in-Theoretical-Computer-Science---Internet-Research-ProblemsSpring2002/load_assignment.pdf.xml</adlcp:location>
      </metadata>
      <file href="NR/rdonlyres/Mathematics/18-996Topics-in-Theoretical-Computer-Science---Internet-Research-ProblemsSpring2002/47EC15FC-4672-4E5B-A19D-04B73DB5971B/0/load_assignment.pdf" />
    </resource>
    <resource identifier="r_NR.rdonlyres.Mathematics.18-996Topics-in-Theoretical-Computer-Science---Internet-Research-ProblemsSpring2002.8B925E4B-A14C-4E7E-A29C-BF843898B19D.0.lect11a_mit.pdf" type="other">
      <metadata>
        <adlcp:location>OcwWeb/Mathematics/18-996Topics-in-Theoretical-Computer-Science---Internet-Research-ProblemsSpring2002/lect11a_mit.pdf.xml</adlcp:location>
      </metadata>
      <file href="NR/rdonlyres/Mathematics/18-996Topics-in-Theoretical-Computer-Science---Internet-Research-ProblemsSpring2002/8B925E4B-A14C-4E7E-A29C-BF843898B19D/0/lect11a_mit.pdf" />
    </resource>
    <resource identifier="r_NR.rdonlyres.Mathematics.18-996Topics-in-Theoretical-Computer-Science---Internet-Research-ProblemsSpring2002.E1040314-0631-4DCD-8C3F-7D4BE3BF824D.0.lect11b_mit.pdf" type="other">
      <metadata>
        <adlcp:location>OcwWeb/Mathematics/18-996Topics-in-Theoretical-Computer-Science---Internet-Research-ProblemsSpring2002/lect11b_mit.pdf.xml</adlcp:location>
      </metadata>
      <file href="NR/rdonlyres/Mathematics/18-996Topics-in-Theoretical-Computer-Science---Internet-Research-ProblemsSpring2002/E1040314-0631-4DCD-8C3F-7D4BE3BF824D/0/lect11b_mit.pdf" />
    </resource>
    <resource identifier="r_NR.rdonlyres.Mathematics.18-996Topics-in-Theoretical-Computer-Science---Internet-Research-ProblemsSpring2002.B1A50232-6319-43B1-BA34-07F86D55685B.0.lec13present.pdf" type="other">
      <metadata>
        <adlcp:location>OcwWeb/Mathematics/18-996Topics-in-Theoretical-Computer-Science---Internet-Research-ProblemsSpring2002/lec13present.pdf.xml</adlcp:location>
      </metadata>
      <file href="NR/rdonlyres/Mathematics/18-996Topics-in-Theoretical-Computer-Science---Internet-Research-ProblemsSpring2002/B1A50232-6319-43B1-BA34-07F86D55685B/0/lec13present.pdf" />
    </resource>
    <resource identifier="r_NR.rdonlyres.Mathematics.18-996Topics-in-Theoretical-Computer-Science---Internet-Research-ProblemsSpring2002.A526FBD1-E425-4BE5-8AC5-CC760D0AEEFC.0.lecture13.pdf" type="other">
      <metadata>
        <adlcp:location>OcwWeb/Mathematics/18-996Topics-in-Theoretical-Computer-Science---Internet-Research-ProblemsSpring2002/lecture13.pdf.xml</adlcp:location>
      </metadata>
      <file href="NR/rdonlyres/Mathematics/18-996Topics-in-Theoretical-Computer-Science---Internet-Research-ProblemsSpring2002/A526FBD1-E425-4BE5-8AC5-CC760D0AEEFC/0/lecture13.pdf" />
    </resource>
    <resource identifier="r_NR.rdonlyres.Mathematics.18-996Topics-in-Theoretical-Computer-Science---Internet-Research-ProblemsSpring2002.78BF7816-3AA2-4666-AA0A-5A0145F9F636.0.lec14.pdf" type="other">
      <metadata>
        <adlcp:location>OcwWeb/Mathematics/18-996Topics-in-Theoretical-Computer-Science---Internet-Research-ProblemsSpring2002/lec14.pdf.xml</adlcp:location>
      </metadata>
      <file href="NR/rdonlyres/Mathematics/18-996Topics-in-Theoretical-Computer-Science---Internet-Research-ProblemsSpring2002/78BF7816-3AA2-4666-AA0A-5A0145F9F636/0/lec14.pdf" />
    </resource>
    <resource identifier="r_NR.rdonlyres.Mathematics.18-996Topics-in-Theoretical-Computer-Science---Internet-Research-ProblemsSpring2002.823AB579-91E2-434E-92F9-7244ACF6E291.0.lect15.pdf" type="other">
      <metadata>
        <adlcp:location>OcwWeb/Mathematics/18-996Topics-in-Theoretical-Computer-Science---Internet-Research-ProblemsSpring2002/lect15.pdf.xml</adlcp:location>
      </metadata>
      <file href="NR/rdonlyres/Mathematics/18-996Topics-in-Theoretical-Computer-Science---Internet-Research-ProblemsSpring2002/823AB579-91E2-434E-92F9-7244ACF6E291/0/lect15.pdf" />
    </resource>
    <resource identifier="r_OcwWeb.Mathematics.18-996Topics-in-Theoretical-Computer-Science---Internet-Research-ProblemsSpring2002.Tools.index.htm" type="webcontent" href="OcwWeb/Mathematics/18-996Topics-in-Theoretical-Computer-Science---Internet-Research-ProblemsSpring2002/Tools/index.htm">
      <metadata>
        <adlcp:location>OcwWeb/Mathematics/18-996Topics-in-Theoretical-Computer-Science---Internet-Research-ProblemsSpring2002/Tools.xml</adlcp:location>
      </metadata>
      <file href="OcwWeb/Mathematics/18-996Topics-in-Theoretical-Computer-Science---Internet-Research-ProblemsSpring2002/Tools/index.htm" />
      <dependency identifierref="webrenderrequirements.18-996Topics-in-Theoretical-Computer-Science---Internet-Research-ProblemsSpring2002" />
    </resource>
    <resource identifier="r_NR.rdonlyres.Mathematics.18-996Topics-in-Theoretical-Computer-Science---Internet-Research-ProblemsSpring2002.D6DEF543-314C-4934-B531-FC55E5B90303.0.scribe.sty" type="other">
      <metadata>
        <adlcp:location>OcwWeb/Mathematics/18-996Topics-in-Theoretical-Computer-Science---Internet-Research-ProblemsSpring2002/scribe.sty.xml</adlcp:location>
      </metadata>
      <file href="NR/rdonlyres/Mathematics/18-996Topics-in-Theoretical-Computer-Science---Internet-Research-ProblemsSpring2002/D6DEF543-314C-4934-B531-FC55E5B90303/0/scribe.sty" />
    </resource>
    <resource identifier="r_NR.rdonlyres.Mathematics.18-996Topics-in-Theoretical-Computer-Science---Internet-Research-ProblemsSpring2002.C5C0B569-06EA-41E7-AB74-F30AAD1FD96B.0.scribe12.tex" type="other">
      <metadata>
        <adlcp:location>OcwWeb/Mathematics/18-996Topics-in-Theoretical-Computer-Science---Internet-Research-ProblemsSpring2002/scribe12.tex.xml</adlcp:location>
      </metadata>
      <file href="NR/rdonlyres/Mathematics/18-996Topics-in-Theoretical-Computer-Science---Internet-Research-ProblemsSpring2002/C5C0B569-06EA-41E7-AB74-F30AAD1FD96B/0/scribe12.tex" />
    </resource>
    <resource identifier="r_OcwWeb.Mathematics.18-996Topics-in-Theoretical-Computer-Science---Internet-Research-ProblemsSpring2002.DownloadthisCourse.index.htm" type="webcontent" href="OcwWeb/Mathematics/18-996Topics-in-Theoretical-Computer-Science---Internet-Research-ProblemsSpring2002/DownloadthisCourse/index.htm">
      <metadata>
        <adlcp:location>OcwWeb/Mathematics/18-996Topics-in-Theoretical-Computer-Science---Internet-Research-ProblemsSpring2002/DownloadthisCourse.xml</adlcp:location>
      </metadata>
      <file href="OcwWeb/Mathematics/18-996Topics-in-Theoretical-Computer-Science---Internet-Research-ProblemsSpring2002/DownloadthisCourse/index.htm" />
      <dependency identifierref="webrenderrequirements.18-996Topics-in-Theoretical-Computer-Science---Internet-Research-ProblemsSpring2002" />
    </resource>
    <resource identifier="r_OcwWeb.search.AdvancedSearch.htm" type="webcontent" href="OcwWeb/search/AdvancedSearch.htm">
      <file href="OcwWeb/search/AdvancedSearch.htm" />
      <dependency identifierref="webrenderrequirements.18-996Topics-in-Theoretical-Computer-Science---Internet-Research-ProblemsSpring2002" />
    </resource>
    <resource identifier="r_OcwWeb.jsp.feedback.jsp" type="webcontent" href="OcwWeb/jsp/feedback.jsp">
      <file href="OcwWeb/jsp/feedback.jsp" />
      <dependency identifierref="webrenderrequirements.18-996Topics-in-Theoretical-Computer-Science---Internet-Research-ProblemsSpring2002" />
    </resource>
    <resource identifier="r_OcwWeb.Global.terms-of-use.htm" type="webcontent" href="OcwWeb/Global/terms-of-use.htm">
      <file href="OcwWeb/Global/terms-of-use.htm" />
      <file href="NR/rdonlyres/B2A8B934-D6FD-4481-A702-3C9C6E56A355/0/cc_button.jpg" />
      <file href="NR/rdonlyres/4DC35EC3-6537-40B9-9222-E4618F5108A2/0/logo_deed.gif" />
      <file href="NR/rdonlyres/88E2E3F4-BBCE-4AF2-80FC-D4CF916EFE1C/0/cc_deed_003.gif" />
      <file href="NR/rdonlyres/7723DDAB-07F6-4515-8B96-B93A687E208D/0/cc_deed_000.gif" />
      <file href="NR/rdonlyres/9653C0E3-7A8C-424F-8E7F-5F4811EF56BB/0/cc_deed_002.gif" />
      <dependency identifierref="webrenderrequirements.18-996Topics-in-Theoretical-Computer-Science---Internet-Research-ProblemsSpring2002" />
    </resource>
    <resource identifier="r_OcwWeb.Global.privacy.htm" type="webcontent" href="OcwWeb/Global/privacy.htm">
      <file href="OcwWeb/Global/privacy.htm" />
      <dependency identifierref="webrenderrequirements.18-996Topics-in-Theoretical-Computer-Science---Internet-Research-ProblemsSpring2002" />
    </resource>
    <resource identifier="r_OcwWeb.Global.trademarks.htm" type="webcontent" href="OcwWeb/Global/trademarks.htm">
      <file href="OcwWeb/Global/trademarks.htm" />
      <dependency identifierref="webrenderrequirements.18-996Topics-in-Theoretical-Computer-Science---Internet-Research-ProblemsSpring2002" />
    </resource>
    <resource identifier="webrenderrequirements.18-996Topics-in-Theoretical-Computer-Science---Internet-Research-ProblemsSpring2002" type="webcontent">
      <file href="OcwWeb/style/core.css" />
      <file href="OcwWeb/style/main.css" />
      <file href="OcwWeb/images/logo-ocw-home.gif" />
      <file href="OcwWeb/images/ocw-home.gif" />
      <file href="OcwWeb/images/course-list.gif" />
      <file href="OcwWeb/images/about-ocw.gif" />
      <file href="OcwWeb/images/help.gif" />
      <file href="OcwWeb/images/feedback.gif" />
      <file href="OcwWeb/images/button6.gif" />
      <file href="OcwWeb/images/give_now_button.jpg" />
      <file href="OcwWeb/images/redarrow.gif" />
      <file href="OcwWeb/images/whitearrow.gif" />
      <file href="OcwWeb/images/mit-logo.gif" />
      <file href="OcwWeb/images/cc_button.jpg" />
      <file href="OcwWeb/images/footer_copyright.gif" />
      <file href="OcwWeb/images/footer_rss.gif" />
      <file href="OcwWeb/images/go.gif" />
    </resource>
  </resources>
</manifest>
